,Name,Vertex,Edges,Density,Max. Degree,Avg. Degree,Max. k-core,Avg. Clustering Coeff.,Diameter,Average Path Length,Total Triangles,Avg. Eigenvector Centrality
0,G_Enz_540,49,92,0.0782312925170068,6,3.7551020408163267,3,0.2755102040816327,17,6.160714285714286,23.0,0.08800885837212977
1,G_Enz_g300,49,93,0.07908163265306123,7,3.795918367346939,3,0.13780369290573372,16,5.8061224489795915,17.0,0.08539068783340784
2,bn_mouse_brain_1,213,16089,0.7125963327132607,205,151.07042253521126,111,0.7582617796845521,2,1.2874036672867393,622414.0,0.06767772821228175
3,bn_macaque_rhesus_brain_2,91,582,0.14212454212454212,87,12.791208791208792,11,0.8600532349569967,3,1.8681318681318682,1902.0,0.08482002802623215
4,soc_dolphins,62,159,0.08408249603384453,12,5.129032258064516,4,0.2589582460550202,8,3.3569539925965097,95.0,0.09077350090844769
5,soc_firm_hi_tech,33,91,0.17234848484848486,16,5.515151515151516,5,0.4533257146893511,5,2.359848484848485,77.0,0.14038558735043702
6,bio_celegans_dir,453,2025,0.019779640157064994,237,8.940397350993377,10,0.6464630921565053,7,2.6637851882240327,3284.0,0.031158795595636796
